{
  "function": "minecraft:set_lore",
  "entity": "this",
  "lore": [
    {
      "selector": "@e[type=item,tag=shulkerchest_lore_0,sort=nearest,limit=1]",
      "separator": "",
      "color": "white",
      "italic": false,
      "extra": [
        {
          "text": " x",
          "extra": [
            {
              "score": {
                "name": ".count0",
                "objective": "sc_lore"
              }
            }
          ]
        }
      ]
    },
    {
      "selector": "@e[type=item,tag=shulkerchest_lore_1,sort=nearest,limit=1]",
      "separator": "",
      "color": "white",
      "italic": false,
      "extra": [
        {
          "text": " x",
          "extra": [
            {
              "score": {
                "name": ".count1",
                "objective": "sc_lore"
              }
            }
          ]
        }
      ]
    },
    {
      "selector": "@e[type=item,tag=shulkerchest_lore_2,sort=nearest,limit=1]",
      "separator": "",
      "color": "white",
      "italic": false,
      "extra": [
        {
          "text": " x",
          "extra": [
            {
              "score": {
                "name": ".count2",
                "objective": "sc_lore"
              }
            }
          ]
        }
      ]
    },
    {
      "selector": "@e[type=item,tag=shulkerchest_lore_3,sort=nearest,limit=1]",
      "separator": "",
      "color": "white",
      "italic": false,
      "extra": [
        {
          "text": " x",
          "extra": [
            {
              "score": {
                "name": ".count3",
                "objective": "sc_lore"
              }
            }
          ]
        }
      ]
    }
  ],
  "replace": true
}
