{
    "type": "minecraft:command",
    "pools": [
        {
          "rolls": 1,
          "entries": [
            {
              "type": "minecraft:item",
              "name": "minecraft:chest",
              "functions": [
                {
                  "function": "minecraft:set_nbt",
                  "tag": "{dropping_container:1b,display:{Lore:['{\"text\":\"Filled\",\"color\":\"gray\",\"italic\":\"false\"}']}}"
                }
              ]
            }
          ],
          "conditions": [
            {
              "condition": "minecraft:entity_properties",
              "entity": "this",
              "predicate": {
                "nbt": "{Tags:[\"shulkerchest\",\"chest\"]}"
              }
            }
          ]
        },
        {
          "rolls": 1,
          "entries": [
            {
              "type": "minecraft:item",
              "name": "minecraft:trapped_chest",
              "functions": [
                {
                  "function": "minecraft:set_nbt",
                  "tag": "{dropping_container:1b,display:{Lore:['{\"text\":\"Filled\",\"color\":\"gray\",\"italic\":\"false\"}']}}"
                }
              ]
            }
          ],
          "conditions": [
            {
              "condition": "minecraft:entity_properties",
              "entity": "this",
              "predicate": {
                "nbt": "{Tags:[\"shulkerchest\",\"trapped_chest\"]}"
              }
            }
          ]
        },
      {
        "rolls": 1,
        "entries": [
          {
            "type": "minecraft:item",
            "name": "minecraft:barrel",
            "functions": [
              {
                "function": "minecraft:set_nbt",
                "tag": "{dropping_container:1b,display:{Lore:['{\"text\":\"Filled\",\"color\":\"gray\",\"italic\":\"false\"}']}}"
              }
            ]
          }
        ],
        "conditions": [
          {
            "condition": "minecraft:entity_properties",
            "entity": "this",
            "predicate": {
              "nbt": "{Tags:[\"shulkerchest\",\"barrel\"]}"
            }
          }
        ]
      }
    ]
  }
  