{
    "condition": "minecraft:entity_properties",
    "entity": "this",
    "predicate": {
      "equipment": {
        "mainhand": {
          "items": [
            "minecraft:diamond_axe",
            "minecraft:golden_axe",
            "minecraft:iron_axe",
            "minecraft:netherite_axe",
            "minecraft:stone_axe",
            "minecraft:wooden_axe",
            "minecraft:diamond_pickaxe",
            "minecraft:golden_pickaxe",
            "minecraft:iron_pickaxe",
            "minecraft:netherite_pickaxe",
            "minecraft:stone_pickaxe",
            "minecraft:wooden_pickaxe"
          ],
          "enchantments": [
            {
              "enchantment": "minecraft:silk_touch"
            }
          ]
        }
      }
    }
  }
  