{
  "type": "minecraft:block",
  "pools": [
    {
      "bonus_rolls": 0.0,
      "entries": [
        {
          "type": "minecraft:item",
          "functions": [
            {
              "add": false,
              "conditions": [
                {
                  "block": "minecraft:nether_wart",
                  "condition": "minecraft:block_state_property",
                  "properties": {
                    "age": "3"
                  }
                }
              ],
              "count": {
                "type": "minecraft:uniform",
                "max": 4.0,
                "min": 2.0
              },
              "function": "minecraft:set_count"
            },
            {
              "conditions": [
                {
                  "block": "minecraft:nether_wart",
                  "condition": "minecraft:block_state_property",
                  "properties": {
                    "age": "3"
                  }
                }
              ],
              "enchantment": "minecraft:fortune",
              "formula": "minecraft:uniform_bonus_count",
              "function": "minecraft:apply_bonus",
              "parameters": {
                "bonusMultiplier": 1
              }
            }
          ],
          "name": "minecraft:nether_wart"
        }
      ],
      "functions": [
        {
          "function": "minecraft:explosion_decay"
        }
      ],
      "rolls": 1.0
    }
  ]
}