{
    "sources": [
      {
        "type": "paletted_permutations",
        "textures": [
          "trims/models/armor/coast",
          "trims/models/armor/coast_leggings",
          "trims/models/armor/sentry",
          "trims/models/armor/sentry_leggings",
          "trims/models/armor/dune",
          "trims/models/armor/dune_leggings",
          "trims/models/armor/wild",
          "trims/models/armor/wild_leggings",
          "trims/models/armor/ward",
          "trims/models/armor/ward_leggings",
          "trims/models/armor/eye",
          "trims/models/armor/eye_leggings",
          "trims/models/armor/vex",
          "trims/models/armor/vex_leggings",
          "trims/models/armor/tide",
          "trims/models/armor/tide_leggings",
          "trims/models/armor/snout",
          "trims/models/armor/snout_leggings",
          "trims/models/armor/rib",
          "trims/models/armor/rib_leggings",
          "trims/models/armor/spire",
          "trims/models/armor/spire_leggings"
        ],
        "palette_key": "trims/color_palettes/trim_palette",
        "permutations": {
          "sculk": "more_trim_materials:trims/color_palettes/sculk",
          "lava": "more_trim_materials:trims/color_palettes/lava",
          "coal": "more_trim_materials:trims/color_palettes/coal",
          "prismarine": "more_trim_materials:trims/color_palettes/prismarine",
          "purpur": "more_trim_materials:trims/color_palettes/purpur",
          "slime": "more_trim_materials:trims/color_palettes/slime",
          "honey": "more_trim_materials:trims/color_palettes/honey",
          "ender": "more_trim_materials:trims/color_palettes/ender"
        }
      }
    ]
  }