{
    "sources": [
      {
        "type": "paletted_permutations",
        "textures": [
          "trims/items/leggings_trim",
          "trims/items/chestplate_trim",
          "trims/items/helmet_trim",
          "trims/items/boots_trim"
        ],
        "palette_key": "trims/color_palettes/trim_palette",
        "permutations": {
          "sculk": "more_trim_materials:trims/color_palettes/sculk",
          "lava": "more_trim_materials:trims/color_palettes/lava",
          "coal": "more_trim_materials:trims/color_palettes/coal",
          "prismarine": "more_trim_materials:trims/color_palettes/prismarine",
          "purpur": "more_trim_materials:trims/color_palettes/purpur",
          "slime": "more_trim_materials:trims/color_palettes/slime",
          "honey": "more_trim_materials:trims/color_palettes/honey",
          "ender": "more_trim_materials:trims/color_palettes/ender"
        }
      }
    ]
  }