{
    "__comment": "Made with TheDestruc7i0n's advancements generator: https://advancements.thedestruc7i0n.ca",
    "display": {
        "title": {
            "text": "That Wasn't Too Hard",
            "color": "dark_aqua",
            "bold": true
        },
        "description": {
            "text": "Defeat the mighty Elder Guardian",
            "color": "gray",
            "bold": false
        },
        "icon": {
            "item": "minecraft:wet_sponge"
        },
        "frame": "task",
        "show_toast": true,
        "announce_to_chat": false,
        "hidden": false
    },
    "criteria": {
        "kill_elder_guardian": {
            "trigger": "minecraft:impossible"
        }
    },
    "parent": "underwater_mob_arena:start_game"
}