{
    "__comment": "Made with TheDestruc7i0n's advancements generator: https://advancements.thedestruc7i0n.ca",
    "display": {
        "title": {
            "text": "Master Trapper",
            "color": "dark_purple",
            "bold": true
        },
        "description": {
            "text": "Trap 15+ mobs in a Vortex Trap at once",
            "color": "gray",
            "bold": false
        },
        "icon": {
            "item": "minecraft:ender_pearl",
            "nbt": "{Enchantments:[{id:\"unbreaking\",lvl:0}]}"
        },
        "frame": "task",
        "show_toast": true,
        "announce_to_chat": false,
        "hidden": false
    },
    "criteria": {
        "enchanter": {
            "trigger": "minecraft:impossible"
        }
    },
    "parent": "underwater_mob_arena:kill_elder_guardian"
}