{
    "__comment": "Made with TheDestruc7i0n's advancements generator: https://advancements.thedestruc7i0n.ca",
    "display": {
        "title": {
            "text": "Team Player ",
            "color": "yellow",
            "bold": true
        },
        "description": {
            "text": "Revive a teammate using a Revival Idol",
            "color": "gray",
            "bold": false
        },
        "icon": {
            "item": "minecraft:totem_of_undying"
        },
        "frame": "task",
        "show_toast": true,
        "announce_to_chat": false,
        "hidden": false
    },
    "criteria": {
        "enchanter": {
            "trigger": "minecraft:impossible"
        }
    },
    "parent": "underwater_mob_arena:kill_elder_guardian"
}