{
    "__comment": "Made with TheDestruc7i0n's advancements generator: https://advancements.thedestruc7i0n.ca",
    "display": {
        "title": {
            "text": "Underwater Mob Arena",
            "color": "aqua",
            "bold": true
        },
        "description": {
            "text": "",
            "color": "green",
            "bold": false,
            "italic": false
        },
        "icon": {
            "item": "minecraft:trident"
        },
        "frame": "goal",
        "show_toast": false,
        "announce_to_chat": false,
        "hidden": false,
        "background": "minecraft:textures/gui/advancements/backgrounds/adventure.png"
    },
    "criteria": {
        "root": {
            "trigger": "minecraft:impossible"
        }
    }
}