{
    "display": {
        "title": {
            "text": "Cosmetic Character",
            "color": "green",
            "bold": true
        },
        "description": {
            "text": "Purchase a particle trail",
            "color": "gray",
            "bold": false
        },
        "icon": {
            "item": "minecraft:sunflower"
        },
        "frame": "task",
        "show_toast": true,
        "announce_to_chat": false,
        "hidden": false
    },
    "criteria": {
        "cosmetic_character": {
            "trigger": "minecraft:impossible"
        }
    },
    "parent": "map:victorious"
}