{
    "display": {
        "title": {
            "text": "Adventurist",
            "color": "dark_green",
            "bold": true
        },
        "description": {
            "text": "Play on every map",
            "color": "gray",
            "bold": false
        },
        "icon": {
            "item": "minecraft:leather_boots",
            "nbt": "{display:{color:296192}}"
        },
        "frame": "goal",
        "show_toast": true,
        "announce_to_chat": false,
        "hidden": false
    },
    "criteria": {
        "adventurist": {
            "trigger": "minecraft:impossible"
        }
    },
    "parent": "advancements:root"
}