{
	"parent": "item/generated",
    "textures": {
        "layer0": "item/tipped_arrow_head",
        "layer1": "item/tipped_arrow_base"
    },
	
	"overrides": [
		{"predicate": {"custom_model_data":10000001}, "model": "item/arrows/creeper_arrow"},
		{"predicate": {"custom_model_data":10000002}, "model": "item/arrows/zombie_arrow"},
		{"predicate": {"custom_model_data":10000003}, "model": "item/arrows/meteor_arrow"},
		{"predicate": {"custom_model_data":10000004}, "model": "item/arrows/fire_arrow"},
		{"predicate": {"custom_model_data":10000005}, "model": "item/arrows/tnt_arrow"},
		{"predicate": {"custom_model_data":10000006}, "model": "item/arrows/lightning_arrow"},
		{"predicate": {"custom_model_data":10000007}, "model": "item/arrows/nether_arrow"},
		{"predicate": {"custom_model_data":10000008}, "model": "item/arrows/tnt_rain_arrow"},
		{"predicate": {"custom_model_data":10000009}, "model": "item/arrows/poison_arrow"},
		{"predicate": {"custom_model_data":10000010}, "model": "item/arrows/crocodile_arrow"},
		{"predicate": {"custom_model_data":10000011}, "model": "item/arrows/arrow_rain_arrow"},
		{"predicate": {"custom_model_data":10000012}, "model": "item/arrows/rocket_arrow_sprite"}
	]
}