{
    "__comment": "Made with TheDestruc7i0n's advancements generator: https://advancements.thedestruc7i0n.ca",
    "display": {
        "title": {
            "text": "Easter Egg",
            "color": "yellow",
            "bold": true
        },
        "description": {
            "text": "Find the hidden Easter Egg",
            "color": "gray",
            "bold": false
        },
        "icon": {
            "item": "minecraft:turtle_egg"
        },
        "frame": "task",
        "show_toast": true,
        "announce_to_chat": true,
        "hidden": false
    },
    "criteria": {
        "easter_egg": {
            "trigger": "minecraft:impossible"
        }
    },
    "parent": "underwater_mob_arena:root"
}