{
    "__comment": "Made with TheDestruc7i0n's advancements generator: https://advancements.thedestruc7i0n.ca",
    "display": {
        "title": {
            "text": "Expert Archer",
            "color": "dark_green",
            "bold": true
        },
        "description": {
            "text": "Complete the Archery Challenge in 15 seconds or less",
            "color": "gray",
            "bold": false
        },
        "icon": {
            "item": "minecraft:bow"
        },
        "frame": "task",
        "show_toast": true,
        "announce_to_chat": true,
        "hidden": false
    },
    "criteria": {
        "easter_egg": {
            "trigger": "minecraft:impossible"
        }
    },
    "parent": "underwater_mob_arena:root"
}