{
    "__comment": "Made with TheDestruc7i0n's advancements generator: https://advancements.thedestruc7i0n.ca",
    "display": {
        "title": {
            "text": "Game On",
            "color": "green",
            "bold": true
        },
        "description": {
            "text": "Start a game",
            "color": "gray",
            "bold": false
        },
        "icon": {
            "item": "minecraft:golden_sword"
        },
        "frame": "task",
        "show_toast": true,
        "announce_to_chat": false,
        "hidden": false
    },
    "criteria": {
        "game_on": {
            "trigger": "minecraft:impossible"
        }
    },
    "parent": "underwater_mob_arena:root"
}