{
    "__comment": "Made with TheDestruc7i0n's advancements generator: https://advancements.thedestruc7i0n.ca",
    "display": {
        "title": {
            "text": "That Wasn't Too Hard",
            "color": "dark_aqua",
            "bold": true
        },
        "description": {
            "text": "Defeat a Tank Drowned",
            "color": "gray",
            "bold": false
        },
        "icon": {
            "item": "minecraft:player_head",
            "nbt": "{SkullOwner:{Id:[I;67411088,-739686879,-1666252800,-1432266393],Properties:{textures:[{Value:\"eyJ0ZXh0dXJlcyI6eyJTS0lOIjp7InVybCI6Imh0dHA6Ly90ZXh0dXJlcy5taW5lY3JhZnQubmV0L3RleHR1cmUvYzNmN2NjZjYxZGJjM2Y5ZmU5YTYzMzNjZGUwYzBlMTQzOTllYjJlZWE3MWQzNGNmMjIzYjNhY2UyMjA1MSJ9fX0=\"}]}},Enchantments:[{id:\"unbreaking\",lvl:0}]}"
        },
        "frame": "task",
        "show_toast": true,
        "announce_to_chat": false,
        "hidden": false
    },
    "criteria": {
        "root": {
            "trigger": "minecraft:player_killed_entity",
            "conditions": {
                "entity": {
                    "type": "minecraft:drowned",
                    "nbt": "{Tags:[\"tank\"]}"
                }
            }
        }
    },
    "parent": "underwater_mob_arena:game_on"
}