{
    "__comment": "Made with TheDestruc7i0n's advancements generator: https://advancements.thedestruc7i0n.ca",
    "display": {
        "title": {
            "text": "Better Luck Next Time",
            "color": "red",
            "bold": true
        },
        "description": {
            "text": "Lose a game",
            "color": "gray",
            "bold": false
        },
        "icon": {
            "item": "minecraft:barrier"
        },
        "frame": "task",
        "show_toast": true,
        "announce_to_chat": false,
        "hidden": false
    },
    "criteria": {
        "lose_a_game": {
            "trigger": "minecraft:impossible"
        }
    },
    "parent": "underwater_mob_arena:game_on"
}