{
    "__comment": "Made with TheDestruc7i0n's advancements generator: https://advancements.thedestruc7i0n.ca",
    "display": {
        "title": {
            "text": "  Survivor  ",
            "color": "gold",
            "bold": true
        },
        "description": {
            "text": "Survive all 20 waves",
            "color": "gray",
            "bold": false
        },
        "icon": {
            "item": "minecraft:nether_star"
        },
        "frame": "challenge",
        "show_toast": true,
        "announce_to_chat": false,
        "hidden": false
    },
    "criteria": {
        "win_a_game": {
            "trigger": "minecraft:impossible"
        }
    },
    "parent": "underwater_mob_arena:kill_tank_drowned"
}