{
    "display": {
        "title": {
            "text": "Streaker I",
            "color": "aqua",
            "bold": true
        },
        "description": {
            "text": "Win 2 games in a row",
            "color": "gray",
            "bold": false
        },
        "icon": {
            "item": "minecraft:ice"
        },
        "frame": "task",
        "show_toast": true,
        "announce_to_chat": false,
        "hidden": false
    },
    "criteria": {
        "streaker_1": {
            "trigger": "minecraft:impossible"
        }
    },
    "parent": "advancements:victorious"
}