{
  "condition": "minecraft:entity_properties",
  "entity": "this",
  "predicate": {
    "equipment": {
      "feet": {
        "nbt": "{Trim:{material:\"more_trim_materials:purpur\"}}"
      },
      "legs": {
        "nbt": "{Trim:{material:\"more_trim_materials:purpur\"}}"
      },
      "chest": {
        "nbt": "{Trim:{material:\"more_trim_materials:purpur\"}}"
      },
      "head": {
        "nbt": "{Trim:{material:\"more_trim_materials:purpur\"}}"
      }
    }
  }
}
