{
	"parent": "item/handheld",
    "textures": {
        "layer0": "item/netherite_hoe"
    },
	"overrides": [
        {
            "predicate": {
                "damaged": 1,
                "damage": 0.85
            },
            "model": "item/netherite_hoe/netherite_hoe_02"
        },
        {
            "predicate": {
                "damaged": 1,
                "damage": 0.9
            },
            "model": "item/netherite_hoe/netherite_hoe_03"
        },
        {
            "predicate": {
                "damaged": 1,
                "damage": 0.95
            },
            "model": "item/netherite_hoe/netherite_hoe_04"
        }
	]
}