{"stats":{"minecraft:killed":{"minecraft:cod":2,"minecraft:dolphin":10,"minecraft:pufferfish":147,"minecraft:skeleton":6,"minecraft:guardian":427,"minecraft:chicken":1,"minecraft:axolotl":7,"minecraft:illusioner":1,"minecraft:elder_guardian":96,"minecraft:creeper":6,"minecraft:zombie":6,"minecraft:evoker":1,"minecraft:vex":4,"minecraft:giant":5,"minecraft:slime":80,"minecraft:drowned":1729,"minecraft:squid":6,"minecraft:villager":4,"minecraft:enderman":1},"minecraft:mined":{"minecraft:player_head":5},"minecraft:dropped":{"minecraft:shulker_spawn_egg":64,"minecraft:spruce_sign":7,"minecraft:acacia_boat":1,"minecraft:iron_sword":5,"minecraft:repeating_command_block":4,"minecraft:diamond_axe":2,"minecraft:sandstone_slab":4,"minecraft:lime_stained_glass_pane":5,"minecraft:leather_helmet":4,"minecraft:cooked_cod":9,"minecraft:prismarine_brick_slab":2,"minecraft:sand":7,"minecraft:sunflower":9917,"minecraft:stone_axe":2,"minecraft:stripped_dark_oak_log":2,"minecraft:stone_stairs":1,"minecraft:dead_fire_coral_block":2,"minecraft:red_stained_glass_pane":10,"minecraft:sandstone_wall":1,"minecraft:leather_chestplate":4,"minecraft:trident":2,"minecraft:leather_boots":4,"minecraft:chest":2,"minecraft:leather_leggings":4,"minecraft:arrow":35,"minecraft:glass":39,"minecraft:prismarine_bricks":1,"minecraft:chain_command_block":3,"minecraft:water_bucket":2,"minecraft:vine":128,"minecraft:diamond_leggings":2,"minecraft:barrier":98,"minecraft:iron_helmet":2,"minecraft:dark_prismarine_slab":1,"minecraft:elder_guardian_spawn_egg":64,"minecraft:command_block":267,"minecraft:stick":1,"minecraft:turtle_egg":88,"minecraft:light_blue_stained_glass":1,"minecraft:wooden_axe":128,"minecraft:diamond_helmet":2,"minecraft:iron_leggings":2,"minecraft:jungle_leaves":5,"minecraft:smooth_sandstone_slab":3,"minecraft:iron_axe":2,"minecraft:smooth_sandstone":23,"minecraft:lapis_block":69,"minecraft:redstone_block":65,"minecraft:player_head":8,"minecraft:dark_oak_sign":7,"minecraft:stone_sword":4,"minecraft:cobblestone_wall":1,"minecraft:diamond_hoe":2,"minecraft:dead_bubble_coral_block":1,"minecraft:iron_boots":2,"minecraft:totem_of_undying":332,"minecraft:oak_sign":5,"minecraft:diamond_sword":7,"minecraft:stone":23,"minecraft:shield":2,"minecraft:diamond_chestplate":2,"minecraft:spruce_planks":1,"minecraft:iron_chestplate":2,"minecraft:golden_sword":1845,"minecraft:birch_sign":14,"minecraft:diamond_boots":2,"minecraft:sandstone":7,"minecraft:bow":378,"minecraft:orange_stained_glass_pane":10,"minecraft:magma_block":1,"minecraft:dark_prismarine":4},"minecraft:picked_up":{"minecraft:wooden_axe":17,"minecraft:iron_chestplate":4,"minecraft:diamond_sword":17,"minecraft:turtle_egg":4,"minecraft:golden_sword":61,"minecraft:iron_leggings":2,"minecraft:diamond_leggings":3,"minecraft:iron_boots":2,"minecraft:stick":1,"minecraft:sandstone_wall":1,"minecraft:golden_chestplate":4,"minecraft:command_block":2,"minecraft:stone_sword":7,"minecraft:rotten_flesh":4,"minecraft:nautilus_shell":1,"minecraft:leather_chestplate":7,"minecraft:barrier":32,"minecraft:water_bucket":1,"minecraft:acacia_boat":1,"minecraft:leather_boots":7,"minecraft:glass":10,"minecraft:bow":3,"minecraft:diamond_helmet":3,"minecraft:oak_planks":64,"minecraft:sand":71,"minecraft:ink_sac":69,"minecraft:dark_prismarine_slab":1,"minecraft:crossbow":1,"minecraft:fishing_rod":2,"minecraft:sandstone_slab":4,"minecraft:leather_leggings":7,"minecraft:shield":2,"minecraft:elytra":1,"minecraft:iron_axe":2,"minecraft:player_head":114,"minecraft:chest":4,"minecraft:diamond_hoe":1,"minecraft:sandstone":4,"minecraft:stone":35,"minecraft:trident":3,"minecraft:repeating_command_block":4,"minecraft:arrow":1,"minecraft:diamond_chestplate":20,"minecraft:cooked_cod":8,"minecraft:diamond_boots":3,"minecraft:stripped_dark_oak_wood":1,"minecraft:totem_of_undying":8,"minecraft:chainmail_chestplate":1,"minecraft:smooth_sandstone":1,"minecraft:silverfish_spawn_egg":461,"minecraft:iron_sword":32,"minecraft:chain_command_block":1,"minecraft:leather_helmet":2,"minecraft:coal_ore":192,"minecraft:stone_axe":2,"minecraft:iron_helmet":2,"minecraft:diamond_axe":2,"minecraft:stripped_dark_oak_log":2,"minecraft:sunflower":12268},"minecraft:killed_by":{"minecraft:drowned":70,"minecraft:guardian":1},"minecraft:custom":{"minecraft:interact_with_crafting_table":18,"minecraft:open_shulker_box":21,"minecraft:leave_game":259,"minecraft:time_since_death":26337,"minecraft:damage_resisted":46150,"minecraft:sprint_one_cm":1801944,"minecraft:damage_blocked_by_shield":80,"minecraft:drop":3726,"minecraft:talked_to_villager":1017,"minecraft:play_time":12283089,"minecraft:deaths":249,"minecraft:jump":20697,"minecraft:walk_on_water_one_cm":732404,"minecraft:open_enderchest":86,"minecraft:damage_dealt":570119,"minecraft:interact_with_beacon":5,"minecraft:crouch_one_cm":157793,"minecraft:inspect_dispenser":75,"minecraft:inspect_dropper":25,"minecraft:mob_kills":2574,"minecraft:damage_dealt_resisted":59506786,"minecraft:climb_one_cm":10475,"minecraft:walk_one_cm":1606083,"minecraft:walk_under_water_one_cm":35354089,"minecraft:sneak_time":213353,"minecraft:interact_with_blast_furnace":56,"minecraft:total_world_time":151592,"minecraft:time_since_rest":26337,"minecraft:damage_absorbed":400,"minecraft:damage_taken":48284,"minecraft:trigger_trapped_chest":5,"minecraft:swim_one_cm":4491572,"minecraft:fly_one_cm":29537350,"minecraft:open_chest":474,"minecraft:fall_one_cm":227165},"minecraft:crafted":{"minecraft:cobblestone_slab":6,"minecraft:stone":2,"minecraft:diamond_helmet":1,"minecraft:diamond_leggings":1,"minecraft:iron_boots":1,"minecraft:diamond_axe":1,"minecraft:iron_helmet":1,"minecraft:iron_chestplate":1,"minecraft:yellow_dye":10,"minecraft:shield":1,"minecraft:stone_sword":2,"minecraft:trident":2,"minecraft:iron_axe":1,"minecraft:stone_pickaxe":1,"minecraft:diamond_boots":1,"minecraft:diamond_sword":1,"minecraft:iron_sword":2,"minecraft:stone_axe":1,"minecraft:iron_leggings":1,"minecraft:diamond_chestplate":1},"minecraft:broken":{"minecraft:stone_axe":2,"minecraft:iron_sword":1,"minecraft:iron_axe":1},"minecraft:used":{"minecraft:light_blue_stained_glass_pane":8,"minecraft:writable_book":5,"minecraft:light_gray_stained_glass_pane":2,"minecraft:smooth_quartz_slab":9,"minecraft:spruce_slab":52,"minecraft:dispenser":9,"minecraft:carrot_on_a_stick":57,"minecraft:diamond_hoe":43,"minecraft:oak_sign":460,"minecraft:chest":44,"minecraft:stone":534,"minecraft:iron_sword":426,"minecraft:zombie_spawn_egg":7,"minecraft:quartz_stairs":46,"minecraft:player_head":111,"minecraft:smooth_sandstone_stairs":50,"minecraft:debug_stick":486,"minecraft:soul_sand":4,"minecraft:cocoa_beans":7,"minecraft:skeleton_spawn_egg":5,"minecraft:jungle_planks":1,"minecraft:prismarine_brick_stairs":11,"minecraft:carrot":4,"minecraft:jungle_slab":2,"minecraft:orange_wool":1,"minecraft:acacia_button":1,"minecraft:axolotl_bucket":1469,"minecraft:snowball":130,"minecraft:obsidian":15,"minecraft:glass":4327,"minecraft:packed_ice":7,"minecraft:quartz_pillar":36,"minecraft:villager_spawn_egg":2,"minecraft:quartz_slab":68,"minecraft:red_wool":1,"minecraft:spruce_wood":17,"minecraft:quartz_block":3,"minecraft:wet_sponge":1,"minecraft:dark_oak_slab":26,"minecraft:tropical_fish_spawn_egg":4,"minecraft:dark_oak_button":3,"minecraft:golden_sword":1911,"minecraft:bedrock":20,"minecraft:birch_button":2,"minecraft:dolphin_spawn_egg":9,"minecraft:redstone_lamp":3,"minecraft:magma_block":29,"minecraft:bow":1279,"minecraft:snow":55,"minecraft:horn_coral":1,"minecraft:sweet_berries":5,"minecraft:guardian_spawn_egg":66,"minecraft:cooked_cod":3,"minecraft:gold_block":2,"minecraft:end_stone_brick_stairs":7,"minecraft:fire_coral_fan":8,"minecraft:seagrass":13,"minecraft:dead_brain_coral_fan":8,"minecraft:dark_prismarine_stairs":5,"minecraft:spider_spawn_egg":86,"minecraft:light_blue_carpet":1,"minecraft:dark_oak_stairs":37,"minecraft:end_rod":2,"minecraft:tube_coral_fan":6,"minecraft:end_stone_bricks":11,"minecraft:dropper":1,"minecraft:elder_guardian_spawn_egg":15,"minecraft:dark_oak_sign":87,"minecraft:prismarine":27,"minecraft:jungle_fence":3,"minecraft:prismarine_stairs":8,"minecraft:ender_pearl":749,"minecraft:sandstone":266,"minecraft:redstone_block":390,"minecraft:structure_void":11,"minecraft:end_stone_brick_slab":29,"minecraft:diamond_axe":426,"minecraft:smooth_quartz_stairs":10,"minecraft:oak_leaves":2,"minecraft:golden_apple":5,"minecraft:dark_oak_trapdoor":17,"minecraft:sand":5,"minecraft:cut_sandstone_slab":3,"minecraft:blast_furnace":1,"minecraft:chiseled_quartz_block":16,"minecraft:shulker_spawn_egg":1,"minecraft:end_stone":18,"minecraft:birch_fence":125,"minecraft:redstone_torch":11,"minecraft:black_concrete":117,"minecraft:firework_rocket":1,"minecraft:dark_oak_log":3,"minecraft:birch_slab":5,"minecraft:lime_carpet":24,"minecraft:bread":1,"minecraft:brown_stained_glass":4,"minecraft:barrier":551,"minecraft:stone_button":26,"minecraft:lectern":1,"minecraft:oak_pressure_plate":1,"minecraft:prismarine_wall":3,"minecraft:evoker_spawn_egg":1,"minecraft:jungle_sign":2,"minecraft:diamond_sword":2117,"minecraft:wooden_sword":320,"minecraft:grindstone":3,"minecraft:bubble_coral_block":23,"minecraft:andesite":13,"minecraft:ice":1,"minecraft:purple_wool":1,"minecraft:oak_fence":1,"minecraft:petrified_oak_slab":3,"minecraft:trident":903,"minecraft:jungle_leaves":62,"minecraft:iron_bars":3,"minecraft:dead_tube_coral_block":3,"minecraft:brain_coral_fan":1,"minecraft:armor_stand":3,"minecraft:red_concrete":1519,"minecraft:pufferfish_spawn_egg":73,"minecraft:dried_kelp":12,"minecraft:silverfish_spawn_egg":377,"minecraft:spruce_planks":97,"minecraft:ender_chest":8,"minecraft:stripped_birch_wood":3,"minecraft:wooden_shovel":3,"minecraft:cooked_salmon":2,"minecraft:sandstone_wall":1,"minecraft:orange_stained_glass":35,"minecraft:torch":2,"minecraft:end_stone_brick_wall":1,"minecraft:dragon_egg":2,"minecraft:anvil":1,"minecraft:nether_quartz_ore":140,"minecraft:prismarine_bricks":82,"minecraft:spruce_stairs":42,"minecraft:cobblestone_wall":3,"minecraft:stone_stairs":8,"minecraft:jungle_trapdoor":1,"minecraft:spruce_fence":19,"minecraft:light_blue_stained_glass":3,"minecraft:ravager_spawn_egg":63,"minecraft:dark_oak_planks":30,"minecraft:sea_lantern":40,"minecraft:cyan_shulker_box":4,"minecraft:iron_axe":125,"minecraft:spruce_button":4,"minecraft:smooth_sandstone":970,"minecraft:jungle_log":1,"minecraft:spawner":1,"minecraft:smooth_quartz":3,"minecraft:totem_of_undying":11,"minecraft:prismarine_slab":10,"minecraft:golden_carrot":6,"minecraft:emerald_block":12,"minecraft:drowned_spawn_egg":567,"minecraft:trapped_chest":2,"minecraft:horn_coral_block":15,"minecraft:stone_pressure_plate":1,"minecraft:cooked_beef":7,"minecraft:dead_bubble_coral_block":1,"minecraft:observer":6,"minecraft:enchanted_golden_apple":1,"minecraft:horn_coral_fan":15,"minecraft:brain_coral_block":3,"minecraft:water_bucket":708,"minecraft:jigsaw":1,"minecraft:tube_coral_block":18,"minecraft:sandstone_stairs":45,"minecraft:prismarine_brick_slab":36,"minecraft:lime_wool":1,"minecraft:bubble_coral_fan":2,"minecraft:blue_wool":1,"minecraft:smooth_sandstone_slab":210,"minecraft:cut_sandstone":2,"minecraft:spruce_sign":359,"minecraft:glow_ink_sac":2,"minecraft:jungle_wood":10,"minecraft:diamond_block":2,"minecraft:orange_carpet":1,"minecraft:vine":18,"minecraft:dark_prismarine_slab":10,"minecraft:tnt":1,"minecraft:crafting_table":4,"minecraft:red_bed":2,"minecraft:dead_fire_coral_block":2,"minecraft:birch_sign":130,"minecraft:fire_coral":1,"minecraft:magenta_carpet":8,"minecraft:spruce_log":18,"minecraft:dark_prismarine":242,"minecraft:ender_eye":4,"minecraft:light":11,"minecraft:apple":63,"minecraft:acacia_sign":83,"minecraft:command_block":503,"minecraft:oak_button":12,"minecraft:jungle_stairs":8,"minecraft:stone_slab":24,"minecraft:purpur_slab":27,"minecraft:spruce_trapdoor":14,"minecraft:yellow_wool":1,"minecraft:stone_axe":132,"minecraft:fire_coral_block":21,"minecraft:fishing_rod":1,"minecraft:cod_spawn_egg":4,"minecraft:cobblestone":5,"minecraft:chain_command_block":94,"minecraft:sandstone_slab":63,"minecraft:lapis_block":9,"minecraft:bucket":115,"minecraft:glass_pane":8,"minecraft:repeating_command_block":46,"minecraft:end_portal_frame":19,"minecraft:sea_pickle":25,"minecraft:kelp":16,"minecraft:splash_potion":151,"minecraft:birch_stairs":13}},"DataVersion":2860}