{
  "parent": "minecraft:item/generated",
  "overrides": [
    {
      "model": "minecraft:item/leather_helmet_sculk_trim",
      "predicate": {
        "trim_type": 0.01
      }
    },
    {
      "model": "minecraft:item/leather_helmet_lava_trim",
      "predicate": {
        "trim_type": 0.02
      }
    },
    {
      "model": "minecraft:item/leather_helmet_coal_trim",
      "predicate": {
        "trim_type": 0.03
      }
    },
    {
      "model": "minecraft:item/leather_helmet_prismarine_trim",
      "predicate": {
        "trim_type": 0.04
      }
    },
    {
      "model": "minecraft:item/leather_helmet_purpur_trim",
      "predicate": {
        "trim_type": 0.05
      }
    },
    {
      "model": "minecraft:item/leather_helmet_slime_trim",
      "predicate": {
        "trim_type": 0.06
      }
    },
    {
      "model": "minecraft:item/leather_helmet_honey_trim",
      "predicate": {
        "trim_type": 0.07
      }
    },
    {
      "model": "minecraft:item/leather_helmet_ender_trim",
      "predicate": {
        "trim_type": 0.08
      }
    },
    {
      "model": "minecraft:item/leather_helmet_quartz_trim",
      "predicate": {
        "trim_type": 0.1
      }
    },
    {
      "model": "minecraft:item/leather_helmet_iron_trim",
      "predicate": {
        "trim_type": 0.2
      }
    },
    {
      "model": "minecraft:item/leather_helmet_netherite_trim",
      "predicate": {
        "trim_type": 0.3
      }
    },
    {
      "model": "minecraft:item/leather_helmet_redstone_trim",
      "predicate": {
        "trim_type": 0.4
      }
    },
    {
      "model": "minecraft:item/leather_helmet_copper_trim",
      "predicate": {
        "trim_type": 0.5
      }
    },
    {
      "model": "minecraft:item/leather_helmet_gold_trim",
      "predicate": {
        "trim_type": 0.6
      }
    },
    {
      "model": "minecraft:item/leather_helmet_emerald_trim",
      "predicate": {
        "trim_type": 0.7
      }
    },
    {
      "model": "minecraft:item/leather_helmet_diamond_trim",
      "predicate": {
        "trim_type": 0.8
      }
    },
    {
      "model": "minecraft:item/leather_helmet_lapis_trim",
      "predicate": {
        "trim_type": 0.9
      }
    },
    {
      "model": "minecraft:item/leather_helmet_amethyst_trim",
      "predicate": {
        "trim_type": 1.0
      }
    }
  ],
  "textures": {
    "layer0": "minecraft:item/leather_helmet",
    "layer1": "minecraft:item/leather_helmet_overlay"
  }
}