{
  "parent": "minecraft:item/generated",
  "overrides": [
    {
      "model": "minecraft:item/leather_leggings_sculk_trim",
      "predicate": {
        "trim_type": 0.01
      }
    },
    {
      "model": "minecraft:item/leather_leggings_lava_trim",
      "predicate": {
        "trim_type": 0.02
      }
    },
    {
      "model": "minecraft:item/leather_leggings_coal_trim",
      "predicate": {
        "trim_type": 0.03
      }
    },
    {
      "model": "minecraft:item/leather_leggings_prismarine_trim",
      "predicate": {
        "trim_type": 0.04
      }
    },
    {
      "model": "minecraft:item/leather_leggings_purpur_trim",
      "predicate": {
        "trim_type": 0.05
      }
    },
    {
      "model": "minecraft:item/leather_leggings_slime_trim",
      "predicate": {
        "trim_type": 0.06
      }
    },
    {
      "model": "minecraft:item/leather_leggings_honey_trim",
      "predicate": {
        "trim_type": 0.07
      }
    },
    {
      "model": "minecraft:item/leather_leggings_ender_trim",
      "predicate": {
        "trim_type": 0.08
      }
    },
    {
      "model": "minecraft:item/leather_leggings_quartz_trim",
      "predicate": {
        "trim_type": 0.1
      }
    },
    {
      "model": "minecraft:item/leather_leggings_iron_trim",
      "predicate": {
        "trim_type": 0.2
      }
    },
    {
      "model": "minecraft:item/leather_leggings_netherite_trim",
      "predicate": {
        "trim_type": 0.3
      }
    },
    {
      "model": "minecraft:item/leather_leggings_redstone_trim",
      "predicate": {
        "trim_type": 0.4
      }
    },
    {
      "model": "minecraft:item/leather_leggings_copper_trim",
      "predicate": {
        "trim_type": 0.5
      }
    },
    {
      "model": "minecraft:item/leather_leggings_gold_trim",
      "predicate": {
        "trim_type": 0.6
      }
    },
    {
      "model": "minecraft:item/leather_leggings_emerald_trim",
      "predicate": {
        "trim_type": 0.7
      }
    },
    {
      "model": "minecraft:item/leather_leggings_diamond_trim",
      "predicate": {
        "trim_type": 0.8
      }
    },
    {
      "model": "minecraft:item/leather_leggings_lapis_trim",
      "predicate": {
        "trim_type": 0.9
      }
    },
    {
      "model": "minecraft:item/leather_leggings_amethyst_trim",
      "predicate": {
        "trim_type": 1.0
      }
    }
  ],
  "textures": {
    "layer0": "minecraft:item/leather_leggings",
    "layer1": "minecraft:item/leather_leggings_overlay"
  }
}