{
    "parent": "minecraft:item/generated",
    "overrides": [
      {
        "model": "minecraft:item/netherite_boots_sculk_trim",
        "predicate": {
          "trim_type": 0.01
        }
      },
      {
        "model": "minecraft:item/netherite_boots_lava_trim",
        "predicate": {
          "trim_type": 0.02
        }
      },
      {
        "model": "minecraft:item/netherite_boots_coal_trim",
        "predicate": {
          "trim_type": 0.03
        }
      },
      {
        "model": "minecraft:item/netherite_boots_prismarine_trim",
        "predicate": {
          "trim_type": 0.04
        }
      },
      {
        "model": "minecraft:item/netherite_boots_purpur_trim",
        "predicate": {
          "trim_type": 0.05
        }
      },
      {
        "model": "minecraft:item/netherite_boots_slime_trim",
        "predicate": {
          "trim_type": 0.06
        }
      },
      {
        "model": "minecraft:item/netherite_boots_honey_trim",
        "predicate": {
          "trim_type": 0.07
        }
      },
      {
        "model": "minecraft:item/netherite_boots_ender_trim",
        "predicate": {
          "trim_type": 0.08
        }
      },
      {
        "model": "minecraft:item/netherite_boots_quartz_trim",
        "predicate": {
          "trim_type": 0.1
        }
      },
      {
        "model": "minecraft:item/netherite_boots_iron_trim",
        "predicate": {
          "trim_type": 0.2
        }
      },
      {
        "model": "minecraft:item/netherite_boots_netherite_darker_trim",
        "predicate": {
          "trim_type": 0.3
        }
      },
      {
        "model": "minecraft:item/netherite_boots_redstone_trim",
        "predicate": {
          "trim_type": 0.4
        }
      },
      {
        "model": "minecraft:item/netherite_boots_copper_trim",
        "predicate": {
          "trim_type": 0.5
        }
      },
      {
        "model": "minecraft:item/netherite_boots_gold_trim",
        "predicate": {
          "trim_type": 0.6
        }
      },
      {
        "model": "minecraft:item/netherite_boots_emerald_trim",
        "predicate": {
          "trim_type": 0.7
        }
      },
      {
        "model": "minecraft:item/netherite_boots_diamond_trim",
        "predicate": {
          "trim_type": 0.8
        }
      },
      {
        "model": "minecraft:item/netherite_boots_lapis_trim",
        "predicate": {
          "trim_type": 0.9
        }
      },
      {
        "model": "minecraft:item/netherite_boots_amethyst_trim",
        "predicate": {
          "trim_type": 1.0
        }
      }
    ],
    "textures": {
      "layer0": "minecraft:item/netherite_boots"
    }
  }